speaker_id,word,vowel_id,duration,F1,F2,F3
Ama-023_mono,k?,1,0.19069,631,1014,2491
Ama-023_mono,pi,i,0.20011,273,2894,3411
Ama-023_mono,ko,o,0.20841,476,743,2800
Ama-023_mono,hu,u,0.2188,313,638,2167
Ama-023_mono,f?,3,0.2312,456,2246,2761
Ama-023_mono,da,a,0.26511,747,1841,2774
Ama-023_mono,f?,4,0.27999,461,781,2668
Ama-023_mono,f?:n?:,44,0.30364,427,756,2442
Ama-023_mono,ko:ko,o:,0.31368,415,849,2817
Ama-023_mono,d?,2,0.34608,476,2334,2739
Ama-023_mono,pi:,i:,0.68061,280,2607,3725
Ama-023_mono,f?:,33,0.70156,405,2658,3025
Ama-023_mono,k?:,11,0.70546,476,725,2697
Ama-023_mono,d?:,22,0.72417,482,2327,2722
Ama-023_mono,da:,a:,0.76299,1061,1727,2872
Ama-023_mono,hu:,u:,0.78946,249,439,--undefined--
Attah-021_mono,k?,1,0.10461,640,1166,2022
Attah-021_mono,f?,4,0.12891,564,1503,2556
Attah-021_mono,ko,o,0.1322,624,1024,1938
Attah-021_mono,pi,i,0.1361,311,2085,2932
Attah-021_mono,f?,3,0.13961,455,1803,2556
Attah-021_mono,hu,u,0.15242,344,717,2160
Attah-021_mono,ko:ko,o:,0.1577,448,770,2340
Attah-021_mono,d?,2,0.1757,528,1806,2616
Attah-021_mono,da,a,0.17681,670,1644,2871
Attah-021_mono,f?:n?:,44,0.1884,615,1584,2537
Attah-021_mono,pi:,i:,0.53576,290,2114,3063
Attah-021_mono,f?:,33,0.59825,384,2149,3118
Attah-021_mono,d?:,22,0.60145,476,1888,2668
Attah-021_mono,k?:,11,0.60405,534,1240,2012
Attah-021_mono,da:,a:,0.62154,722,1415,2484
Attah-021_mono,hu:,u:,0.686,397,655,2239
Boampong-009_mono,ko,o,0.09835,389,1273,2709
Boampong-009_mono,pi,i,0.09987,251,2248,3152
Boampong-009_mono,f?,3,0.10578,346,1869,2253
Boampong-009_mono,k?,1,0.10951,330,795,1940
Boampong-009_mono,f?,4,0.11367,389,679,2266
Boampong-009_mono,hu,u,0.11609,292,850,2168
Boampong-009_mono,ko:ko,o:,0.15575,323,788,2156
Boampong-009_mono,f?:n?:,44,0.16607,363,857,2127
Boampong-009_mono,da,a,0.17254,718,1460,2414
Boampong-009_mono,d?,2,0.18249,492,1906,2683
Boampong-009_mono,pi:,i:,0.37267,222,2085,2955
Boampong-009_mono,hu:,u:,0.46684,287,977,2143
Boampong-009_mono,f?:,33,0.47227,321,2218,3122
Boampong-009_mono,d?:,22,0.4895,447,2021,3264
Boampong-009_mono,k?:,11,0.4993,380,598,1990
Boampong-009_mono,da:,a:,0.55841,697,1567,2489
Cynthia-013_mono,pi,i,0.1315,335,2249,2576
Cynthia-013_mono,da,a,0.13475,920,1706,2201
Cynthia-013_mono,k?,1,0.13588,598,1174,2200
Cynthia-013_mono,f?,3,0.17974,510,1908,2430
Cynthia-013_mono,d?,2,0.20201,558,1920,2511
Cynthia-013_mono,ko:ko,o:,0.21817,481,966,2361
Cynthia-013_mono,f?:n?:,44,0.24385,484,1086,2345
Cynthia-013_mono,f?,4,0.24798,516,1064,2330
Cynthia-013_mono,hu,u,0.2556,543,1269,2702
Cynthia-013_mono,ko,o,0.29231,491,1008,2326
Cynthia-013_mono,k?:,11,0.34879,595,998,2113
Cynthia-013_mono,d?:,22,0.3803,575,1958,2370
Cynthia-013_mono,pi:,i:,0.3824,253,2167,2928
Cynthia-013_mono,hu:,u:,0.40517,373,1102,2496
Cynthia-013_mono,f?:,33,0.42181,418,2123,2566
Cynthia-013_mono,da:,a:,0.46518,765,1740,2225
Eric-020_mono,f?,4,0.11042,590,1659,3178
Eric-020_mono,pi,i,0.11247,564,2091,3099
Eric-020_mono,hu,u,0.11518,245,1219,2247
Eric-020_mono,k?,1,0.11821,635,944,1951
Eric-020_mono,f?,3,0.12024,372,1212,2470
Eric-020_mono,ko,o,0.12625,440,1394,2074
Eric-020_mono,ko:ko,o:,0.15022,329,843,2159
Eric-020_mono,da,a,0.15525,1204,2032,3289
Eric-020_mono,d?,2,0.17065,464,1743,2646
Eric-020_mono,f?:n?:,44,0.17067,570,736,2190
Eric-020_mono,k?:,11,0.45765,449,693,2247
Eric-020_mono,hu:,u:,0.50788,355,1156,2566
Eric-020_mono,d?:,22,0.5807,423,1747,2379
Eric-020_mono,f?:,33,0.58735,365,1601,3163
Eric-020_mono,da:,a:,0.59581,620,1370,2372
Eric-020_mono,pi:,i:,0.64238,281,1729,3018
Eunice-008_mono,pi,i,0.09434,293,2528,3194
Eunice-008_mono,k?,1,0.12963,553,979,2071
Eunice-008_mono,hu,u,0.1457,262,1090,2603
Eunice-008_mono,ko,o,0.14641,536,1023,2230
Eunice-008_mono,da,a,0.15522,746,1652,2087
Eunice-008_mono,d?,2,0.16419,571,2127,2564
Eunice-008_mono,f?,4,0.16944,514,961,1987
Eunice-008_mono,f?,3,0.17939,409,2062,2836
Eunice-008_mono,ko:ko,o:,0.19251,488,1186,2217
Eunice-008_mono,f?:n?:,44,0.19341,463,1164,2597
Eunice-008_mono,pi:,i:,0.43326,331,2634,3306
Eunice-008_mono,k?:,11,0.53889,540,795,2066
Eunice-008_mono,da:,a:,0.57765,1001,1735,2506
Eunice-008_mono,d?:,22,0.66607,517,2257,2616
Eunice-008_mono,f?:,33,0.74209,380,2466,2790
Eunice-008_mono,hu:,u:,0.74733,156,968,2676
FELIX-02_mono,k?,1,0.14404,635,903,2079
FELIX-02_mono,f?,3,0.14803,416,1885,2640
FELIX-02_mono,ko,o,0.16175,372,894,2186
FELIX-02_mono,pi,i,0.17217,207,2047,2863
FELIX-02_mono,f?,4,0.18508,403,735,2260
FELIX-02_mono,d?,2,0.18534,533,1847,2209
FELIX-02_mono,hu,u,0.18795,294,702,2152
FELIX-02_mono,da,a,0.19021,726,1509,2252
FELIX-02_mono,f?:n?:,44,0.25989,373,773,2066
FELIX-02_mono,ko:ko,o:,0.28207,400,1061,2161
FELIX-02_mono,f?:,33,0.69867,380,2105,2686
FELIX-02_mono,d?:,22,0.70468,532,1926,2480
FELIX-02_mono,k?:,11,0.73367,567,955,1912
FELIX-02_mono,da:,a:,0.74965,774,1343,2200
FELIX-02_mono,pi:,i:,0.78073,265,2047,2883
FELIX-02_mono,hu:,u:,0.70567,295,793,2072
Jane-022_mono,k?,1,0.1618,854,1773,2799
Jane-022_mono,pi,i,0.16898,248,2956,3532
Jane-022_mono,ko:ko,o:,0.17758,458,900,2611
Jane-022_mono,f?,3,0.18647,522,2568,3158
Jane-022_mono,ko,o,0.19637,492,1018,2725
Jane-022_mono,da,a,0.21995,752,2250,2900
Jane-022_mono,f?,4,0.2218,529,1570,2708
Jane-022_mono,d?,2,0.23898,695,1848,3310
Jane-022_mono,hu,u,0.25637,766,1564,3318
Jane-022_mono,f?:n?:,44,0.31927,527,1249,2526
Jane-022_mono,pi:,i:,0.43235,258,2963,3308
Jane-022_mono,f?:,33,0.52179,427,2404,3020
Jane-022_mono,hu:,u:,0.57268,264,718,2450
Jane-022_mono,da:,a:,0.60818,825,2177,3439
Jane-022_mono,d?:,22,0.71722,515,1424,3008
Jane-022_mono,k?:,11,0.7262,501,776,3111
Mary-018_mono,f?,3,0.10353,523,2478,3057
Mary-018_mono,pi,i,0.12405,297,2662,2838
Mary-018_mono,d?,2,0.15397,592,2193,3171
Mary-018_mono,k?,1,0.19629,801,1135,2791
Mary-018_mono,hu,u,0.19933,414,810,2761
Mary-018_mono,da,a,0.20096,1057,1783,2635
Mary-018_mono,f?,4,0.2272,492,776,2921
Mary-018_mono,ko,o,0.24877,538,905,2671
Mary-018_mono,ko:ko,o:,0.26137,519,997,2865
Mary-018_mono,f?:n?:,44,0.26158,504,1080,2728
Mary-018_mono,pi:,i:,0.47649,371,2785,3274
Mary-018_mono,hu:,u:,0.50162,275,781,2829
Mary-018_mono,da:,a:,0.5294,1166,2188,2884
Mary-018_mono,d?:,22,0.66674,619,2236,2964
Mary-018_mono,k?:,11,0.70987,538,781,2699
Mary-018_mono,f?:,33,0.6063,417,2567,3224
Moses-012_mono,pi,i,0.16077,599,2053,3235
Moses-012_mono,ko:ko,o:,0.16185,529,1311,2174
Moses-012_mono,f?,3,0.16321,476,1419,2376
Moses-012_mono,f?,4,0.17543,451,1326,2262
Moses-012_mono,k?,1,0.19847,637,1338,1930
Moses-012_mono,hu,u,0.22124,1044,2003,3292
Moses-012_mono,da,a,0.22247,756,1777,2785
Moses-012_mono,ko,o,0.22759,461,1411,2332
Moses-012_mono,f?:n?:,44,0.23194,482,1195,2214
Moses-012_mono,d?,2,0.24917,561,1532,2471
Moses-012_mono,pi:,i:,0.54812,382,2380,3094
Moses-012_mono,k?:,11,0.64554,578,1646,2485
Moses-012_mono,f?:,33,0.65435,480,1549,2434
Moses-012_mono,da:,a:,0.70059,775,1351,2656
Moses-012_mono,hu:,u:,0.70656,881,1092,2848
Moses-012_mono,d?:,22,0.73135,548,1442,2197
Naura-017_mono,ko,o,0.11322,388,765,2727
Naura-017_mono,k?,1,0.1199,569,888,2549
Naura-017_mono,f?,3,0.13971,464,2315,2821
Naura-017_mono,pi,i,0.14375,272,2685,3724
Naura-017_mono,hu,u,0.15188,303,826,2566
Naura-017_mono,da,a,0.1544,1069,1842,2776
Naura-017_mono,f?,4,0.16108,489,802,2358
Naura-017_mono,d?,2,0.17931,726,2567,3005
Naura-017_mono,f?:n?:,44,0.2014,711,824,2446
Naura-017_mono,pi:,i:,0.24613,287,2766,3671
Naura-017_mono,ko:ko,o:,0.24924,445,926,2692
Naura-017_mono,k?:,11,0.3769,571,896,2345
Naura-017_mono,d?:,22,0.43072,768,2689,3036
Naura-017_mono,da:,a:,0.43207,917,1888,3015
Naura-017_mono,f?:,33,0.44863,274,2747,3160
Naura-017_mono,hu:,u:,0.47414,279,827,2595
OKRAH-08,k?,1,0.12476,534,963,2082
OKRAH-08,ko,o,0.12882,424,1053,2229
OKRAH-08,f?,4,0.13302,399,796,2409
OKRAH-08,pi,i,0.14416,258,2187,2865
OKRAH-08,hu,u,0.14781,263,833,2751
OKRAH-08,f?,3,0.14976,415,1913,2444
OKRAH-08,d?,2,0.16872,559,1842,2609
OKRAH-08,da,a,0.1694,550,1771,2807
OKRAH-08,f?:n?:,44,0.2723,435,867,2398
OKRAH-08,ko:ko,o:,0.31674,363,894,2599
OKRAH-08,f?:,33,0.4449,396,2032,2681
OKRAH-08,pi:,i:,0.4461,307,2270,3176
OKRAH-08,d?:,22,0.57618,554,1936,2660
OKRAH-08,hu:,u:,0.5803,251,712,2501
OKRAH-08,k?:,11,0.61932,489,939,2129
OKRAH-08,da:,a:,0.65142,690,1587,2378
Osei-016_mono,pi,i,0.09858,255,1707,2621
Osei-016_mono,f?,3,0.11703,363,1865,2442
Osei-016_mono,k?,1,0.12056,763,1147,2345
Osei-016_mono,hu,u,0.13106,552,1489,1936
Osei-016_mono,f?,4,0.13559,529,1464,2244
Osei-016_mono,ko:ko,o:,0.13636,514,1575,2151
Osei-016_mono,ko,o,0.15123,492,1400,2238
Osei-016_mono,d?,2,0.15863,483,1942,2762
Osei-016_mono,da,a,0.18754,667,1821,2743
Osei-016_mono,f?:,44,0.19952,680,1665,2879
Osei-016_mono,k?:,11,0.40812,422,695,2111
Osei-016_mono,pi:,i:,0.41194,193,2152,3438
Osei-016_mono,da:,a:,0.70714,866,1919,2851
Osei-016_mono,hu:,u:,0.71093,295,898,2204
Osei-016_mono,d?:,22,0.72984,592,1856,2965
Osei-016_mono,f?:,33,0.70961,491,2227,2972
Precious-015_mono,hu,u,0.10128,292,586,3017
Precious-015_mono,pi,i,0.11347,277,2887,3145
Precious-015_mono,f?,4,0.1665,473,796,3026
Precious-015_mono,ko,o,0.16745,463,889,2990
Precious-015_mono,d?,2,0.18359,509,2430,2858
Precious-015_mono,k?,1,0.18898,608,982,3237
Precious-015_mono,da,a,0.20899,720,1618,2284
Precious-015_mono,f?:n?:,44,0.21124,318,970,2628
Precious-015_mono,ko:ko,o:,0.24281,478,1338,2779
Precious-015_mono,f?,3,0.27374,487,1917,2547
Precious-015_mono,hu:,u:,0.39414,246,437,2612
Precious-015_mono,pi:,i:,0.44335,261,1569,3204
Precious-015_mono,da:,a:,0.49585,441,1396,2427
Precious-015_mono,f?:,33,0.54613,471,1920,2520
Precious-015_mono,d?:,22,0.55262,460,2370,2574
Precious-015_mono,k?:,11,0.5951,446,740,2956
Sly-022,pi,i,0.10754,286,2128,2551
Sly-022,d?,2,0.13263,484,1999,2528
Sly-022,ko,o,0.14664,490,849,2085
Sly-022,k?,1,0.15157,497,736,1977
Sly-022,f?,4,0.16034,488,778,2139
Sly-022,ko:ko,o:,0.16642,458,876,2226
Sly-022,hu,u,0.17401,306,767,2185
Sly-022,f?,3,0.18157,517,1815,2326
Sly-022,da,a,0.18482,761,1589,2264
Sly-022,f?:n?:,44,0.20006,342,897,2093
Sly-022,pi:,i:,0.50139,248,2280,2968
Sly-022,da:,a:,0.5058,702,1783,2348
Sly-022,d?:,22,0.52203,484,852,2083
Sly-022,f?:,33,0.54462,450,2288,2656
Sly-022,k?:,11,0.56632,442,632,2044
Sly-022,hu:,u:,0.61919,288,654,2165
Vincent-019_mono,k?,1,0.08553,555,817,2153
Vincent-019_mono,pi,i,0.10178,284,2077,3096
Vincent-019_mono,hu,u,0.10921,246,687,2231
Vincent-019_mono,f?,3,0.11072,401,1995,2813
Vincent-019_mono,f?,4,0.11225,602,759,2044
Vincent-019_mono,ko,o,0.11692,432,627,2583
Vincent-019_mono,d?,2,0.12256,431,2055,3014
Vincent-019_mono,da,a,0.1349,758,1717,2661
Vincent-019_mono,ko:ko,o:,0.13839,345,698,2596
Vincent-019_mono,f?:n?:,44,0.21752,527,643,2344
Vincent-019_mono,da:,a:,0.57331,858,1575,2498
Vincent-019_mono,pi:,i:,0.57423,295,2173,3342
Vincent-019_mono,hu:,u:,0.62744,239,563,2265
Vincent-019_mono,f?:,33,0.63198,366,2044,2864
Vincent-019_mono,d?:,22,0.63386,477,2148,2659
Vincent-019_mono,k?:,11,0.67908,552,675,2421
Yaw-007_mono,pi,i,0.1005,511,1859,3270
Yaw-007_mono,f?,4,0.10528,463,1278,2273
Yaw-007_mono,f?,3,0.11179,413,1924,2353
Yaw-007_mono,k?,1,0.11505,605,1148,1943
Yaw-007_mono,ko:ko,o:,0.13147,485,1531,2327
Yaw-007_mono,ko,o,0.13229,409,1321,2243
Yaw-007_mono,f?:n?:,44,0.1446,604,1223,2034
Yaw-007_mono,da,a,0.14993,667,1417,2369
Yaw-007_mono,hu,u,0.15386,279,1056,2734
Yaw-007_mono,d?,2,0.16563,512,1634,2510
Yaw-007_mono,k?:,11,0.37808,611,1697,2625
Yaw-007_mono,pi:,i:,0.45455,471,1751,2929
Yaw-007_mono,f?:,33,0.4883,340,2014,2830
Yaw-007_mono,da:,a:,0.52578,606,1321,2474
Yaw-007_mono,d?:,22,0.53199,552,1620,2620
Yaw-007_mono,hu:,u:,0.58046,395,1097,2625
FELIX-02_mono,opete,e,0.192158,NA,NA,NA
FELIX-02_mono,petee,e:,0.435691,NA,NA,NA
Ama-023_mono,opete,e,0.204787,NA,NA,NA
Ama-023_mono,petee,e:,0.442777,NA,NA,NA
Attah-021_mono,opete,e,0.091338,NA,NA,NA
Attah-021_mono,petee,e:,0.521791,NA,NA,NA
Sly-022,opete,e,0.142394,NA,NA,NA
Sly-022,petee,e:,0.571824,NA,NA,NA
Osei-016_mono,opete,e,0.126721,NA,NA,NA
Osei-016_mono,petee,e:,0.478217,NA,NA,NA
Eunice-008_mono,opete,e,0.196721,NA,NA,NA
Eunice-008_mono,petee,e:,0.491345,NA,NA,NA
Mary-018_mono,opete,e,0.198152,NA,NA,NA
Mary-018_mono,petee,e:,0.502671,NA,NA,NA
Naura-017_mono,opete,e,0.214851,NA,NA,NA
Naura-017_mono,petee,e:,0.642011,NA,NA,NA
Cynthia-013_mono,opete,e,0.267217,NA,NA,NA
Cynthia-013_mono,petee,e:,0.589024,NA,NA,NA
Boampong-009_mono,opete,e,0.167678,NA,NA,NA
Boampong-009_mono,petee,e:,0.561098,NA,NA,NA
Jane-022_mono,opete,e,0.075821,NA,NA,NA
Jane-022_mono,petee,e:,0.389542,NA,NA,NA
Vincent-019_mono,opete,e,0.278024,NA,NA,NA
Vincent-019_mono,petee,e:,0.711023,NA,NA,NA
Eric-020_mono,opete,e,0.089546,NA,NA,NA
Eric-020_mono,petee,e:,0.401567,NA,NA,NA
Yaw-007_mono,opete,e,0.145678,NA,NA,NA
Yaw-007_mono,petee,e:,0.675341,NA,NA,NA
