speaker_id,word,vowel_id,syllable_type,duration,F1,F2,F3,sex
Moses-012_mono,?di,i,open,0.18571,284,1892,2419,male
Ama-023_mono,s?,3,open,0.2389,485,2134,2582,female
Ama-023_mono,ad??,3,open,0.20106,375,2240,4358,female
Eric-020_mono,?b?,2,open,0.10863,440,1758,2708,male
Moses-012_mono,?b?,2,closed,0.08966,440,1767,2378,male
Vincent-019_mono,hu,u,open,0.14291,261,647,2159,male
Vincent-019_mono,?p?,4,open,0.09969,450,526,2373,male
Ama-023_mono,obi,o,closed,0.08223,364,750,2752,female
Ama-023_mono,?p?,1,open,0.16553,629,858,2460,female
Moses-012_mono,ab?,a,closed,0.13241,920,1129,2346,male
Eric-020_mono,ab?,2,open,0.11695,441,1670,2360,male
Attah-021_mono,s?,3,open,0.11344,429,1868,2544,male
Attah-021_mono,ad??,3,open,0.17329,377,2015,2846,male
Boampong-009_mono,s?,3,open,0.08171,356,1894,2528,male
Vincent-019_mono,?p?,2,closed,0.07214,444,2191,2975,male
Boampong-009_mono,ab?,a,closed,0.08923,653,1141,1951,male
Eric-020_mono,ebi,i,open,0.0902,198,1898,2613,male
Ama-023_mono,?b?,2,closed,0.08834,443,2168,4411,female
Eric-020_mono,obi,i,open,0.09341,233,1936,2662,male
Eric-020_mono,?p?,2,closed,0.10377,458,1575,2226,male
Eric-020_mono,?b?,2,closed,0.09824,464,1667,2623,male
Boampong-009_mono,ad??,3,open,0.14438,408,2049,2920,male
Ama-023_mono,hu,u,open,0.22176,273,663,2729,female
Eric-020_mono,?p?,4,open,0.12246,352,561,2319,male
Eric-020_mono,ab?,a,closed,0.11471,666,1156,2221,male
Boampong-009_mono,fa,a,open,0.09982,603,1160,2225,male
Ama-023_mono,ko,o,open,0.20841,476,743,2800,female
Ama-023_mono,k?,1,open,0.19069,507,797,2491,female
Yaw-007_mono,obi,i,open,0.12896,267,1955,2931,male
Cynthia-013_mono,ad??,3,open,0.40982,399,1925,2567,female
Cynthia-013_mono,s?,3,open,0.19732,552,1959,2427,female
Precious-015_mono,?p?,2,closed,0.08621,462,1516,2302,female
Yaw-007_mono,?b?,2,open,0.11484,466,1703,2569,male
Vincent-019_mono,?p?,2,closed,0.07624,466,2109,2919,male
FELIX-02_mono,hu,u,open,0.18329,272,673,2095,male
Sly-022,?p?,4,open,0.14795,398,590,2338,male
Cynthia-013_mono,obi,o,closed,0.10111,422,872,2255,female
Cynthia-013_mono,?p?,1,open,0.12966,572,996,2269,female
Precious-015_mono,ad??,a,closed,0.11184,762,1163,1781,female
Eric-020_mono,?di,i,open,0.1322,233,1964,2683,male
Elizabeth-010_mono,ad??,3,open,0.11235,423,2694,3259,female
Eric-020_mono,ad??,3,open,0.13065,398,1796,2989,male
Vincent-019_mono,?b?,2,open,0.11245,469,2053,2859,male
Osei-016_mono,?p?,2,closed,0.08788,481,1775,2456,male
Boampong-009_mono,?b?,2,closed,0.10031,481,1905,2531,male
Boampong-009_mono,hu,u,open,0.11061,261,689,2103,male
Boampong-009_mono,?p?,4,open,0.09384,314,626,2181,male
Elizabeth-010_mono,obi,o,closed,0.10492,424,869,2511,female
Elizabeth-010_mono,?p?,1,open,0.1572,784,1213,2290,female
Boampong-009_mono,ad??,a,closed,0.10842,651,1208,2371,male
Osei-016_mono,obi,i,open,0.10146,227,2007,2204,male
Eric-020_mono,s?,3,open,0.11638,409,1979,2895,male
Eunice-008_mono,ad??,3,open,0.10362,372,2245,2930,female
Precious-015_mono,ab?,2,open,0.10922,469,1936,2820,female
Moses-012_mono,?p?,2,closed,0.0864,483,1779,2549,male
Vincent-019_mono,ab?,2,open,0.07639,484,2065,2951,male
Sly-022,hu,u,open,0.1695,300,725,2032,male
Precious-015_mono,?p?,4,open,0.15596,369,651,2947,female
Eunice-008_mono,obi,o,closed,0.11436,369,840,2458,female
Eunice-008_mono,?p?,1,open,0.10548,549,875,2048,female
Eric-020_mono,ad??,a,closed,0.12699,659,1233,1987,male
Osei-016_mono,ebi,i,open,0.11062,215,2015,2573,male
Eunice-008_mono,s?,3,open,0.13135,418,2249,2780,female
FELIX-02_mono,s?,3,open,0.15871,414,2021,2541,male
Vincent-019_mono,?b?,2,closed,0.07313,487,2105,2988,male
Yaw-007_mono,?p?,2,closed,0.07349,491,1589,2030,male
Eric-020_mono,?p?,2,closed,0.07838,492,1550,2321,male
Attah-021_mono,hu,u,open,0.14122,336,732,2229,male
FELIX-02_mono,?p?,4,open,0.12981,355,680,2207,male
Jane-022_mono,obi,o,closed,0.12725,371,736,3082,female
Jane-022_mono,?p?,1,open,0.18355,665,921,3211,female
FELIX-02_mono,fa,a,open,0.14016,646,1237,2283,male
Osei-016_mono,?di,i,open,0.11064,277,2022,3077,male
FELIX-02_mono,ad??,3,open,0.09833,403,2122,2798,male
Jane-022_mono,s?,3,open,0.18463,444,2094,3182,female
Boampong-009_mono,?b?,2,open,0.12437,497,1967,2613,male
Ama-023_mono,?p?,2,closed,0.07778,485,2008,2610,female
Yaw-007_mono,?p?,2,closed,0.09981,499,1517,2860,male
Naura-017_mono,hu,u,open,0.16162,256,758,2584,female
Elizabeth-010_mono,?p?,4,open,0.17893,476,686,2264,female
Boampong-009_mono,ab?,2,open,0.09334,503,1959,2522,male
Mary-018_mono,obi,o,closed,0.11718,430,1051,2786,female
Mary-018_mono,?p?,1,open,0.1149,587,892,2923,female
Yaw-007_mono,ad??,a,closed,0.1014,668,1245,2333,male
Yaw-007_mono,?di,i,open,0.09437,321,2030,3052,male
Jane-022_mono,ad??,3,open,0.13834,398,1823,2869,female
Mary-018_mono,s?,3,open,0.22706,434,1982,3009,female
FELIX-02_mono,?b?,2,closed,0.09774,507,1813,2395,male
Yaw-007_mono,?b?,2,closed,0.0872,510,1646,2416,male
Ama-023_mono,ab?,2,open,0.18642,493,2131,2770,female
Precious-015_mono,hu,u,open,0.0989,410,760,2822,female
Boampong-009_mono,t?,4,open,0.07341,354,691,2249,male
Naura-017_mono,obi,o,closed,0.09805,289,791,2400,female
Naura-017_mono,?p?,1,open,0.10927,606,918,2494,female
OKRAH-08,da,a,open,0.1694,597,1271,2198,male
FELIX-02_mono,obi,i,open,0.17054,242,2045,2909,male
Mary-018_mono,ad??,3,open,0.15806,453,1962,3337,female
Moses-012_mono,ad??,3,open,0.12632,396,1867,2744,male
Osei-016_mono,?p?,2,closed,0.08995,510,1854,2602,male
FELIX-02_mono,ab?,2,open,0.14572,510,1958,2574,male
OKRAH-08,ab?,2,open,0.14568,517,1829,2493,male
Moses-012_mono,hu,u,open,0.19958,256,796,2031,male
Osei-016_mono,?p?,4,open,0.12255,329,699,2172,male
Precious-015_mono,obi,o,closed,0.10563,408,658,2937,female
Precious-015_mono,?p?,1,open,0.10286,564,935,2248,female
FELIX-02_mono,ab?,a,closed,0.11743,761,1272,2019,male
Attah-021_mono,?di,i,open,0.13514,276,2073,2987,male
Moses-012_mono,s?,3,open,0.16288,436,2066,2718,male
Naura-017_mono,ad??,3,open,0.09577,439,2112,3859,female
Precious-015_mono,?p?,2,closed,0.11916,499,1887,2718,female
Eunice-008_mono,ab?,2,open,0.1046,500,2187,2830,female
Eric-020_mono,hu,u,open,0.11368,215,799,2434,male
OKRAH-08,?p?,4,open,0.11334,319,733,2432,male
FELIX-02_mono,obi,o,closed,0.14462,342,762,2269,male
FELIX-02_mono,ko,o,open,0.16175,372,894,2186,male
FELIX-02_mono,?p?,1,closed,0.14311,501,880,2124,male
FELIX-02_mono,k?,1,open,0.14404,635,903,2079,male
Moses-012_mono,ad??,a,closed,0.12642,730,1279,2359,male
Mary-018_mono,ab?,a,closed,0.10175,634,1307,2845,female
Boampong-009_mono,?p?,2,closed,0.07788,522,1696,2256,male
Cynthia-013_mono,?di,i,open,0.15526,281,2087,2634,female
Yaw-007_mono,ebi,i,open,0.15606,228,2096,3066,male
Osei-016_mono,?b?,2,open,0.10893,524,1644,2577,male
FELIX-02_mono,?b?,2,open,0.16594,524,1912,2507,male
Jane-022_mono,ab?,2,open,0.15445,503,2015,3744,female
Jane-022_mono,?b?,2,open,0.20065,506,1769,2854,female
Naura-017_mono,s?,3,open,0.13719,413,2212,3067,female
Mary-018_mono,hu,u,open,0.15383,401,810,2868,female
Attah-021_mono,?p?,4,open,0.12675,395,747,1954,male
OKRAH-08,ab?,a,closed,0.07777,759,1314,2646,male
Yaw-007_mono,ab?,a,closed,0.09817,740,1324,2282,male
OKRAH-08,s?,3,open,0.13332,396,1916,2457,male
OKRAH-08,ad??,3,open,0.09958,405,2370,3010,male
Osei-016_mono,ad??,3,open,0.09447,440,1849,2591,male
Cynthia-013_mono,obi,i,open,0.12309,272,2121,2560,female
Osei-016_mono,s?,3,open,0.14334,401,2010,2680,male
Precious-015_mono,s?,3,open,0.15947,458,1789,2500,female
Boampong-009_mono,?p?,2,closed,0.09899,526,1663,2223,male
Moses-012_mono,?b?,2,open,0.17845,528,1525,2424,male
OKRAH-08,hu,u,open,0.1372,254,859,2493,male
Eunice-008_mono,?p?,4,open,0.09645,397,748,2302,female
Boampong-009_mono,obi,o,closed,0.12113,244,685,2220,male
Boampong-009_mono,ko,o,open,0.09835,389,1273,2709,male
Boampong-009_mono,?p?,1,open,0.09569,404,739,2149,male
Boampong-009_mono,k?,1,open,0.10951,330,795,1940,male
Attah-021_mono,ab?,a,closed,0.06956,778,1333,2257,male
Naura-017_mono,fa,a,open,0.14719,858,1339,2125,female
Precious-015_mono,ad??,3,open,0.09762,377,1956,3516,female
Sly-022,s?,3,open,0.12414,488,2012,2464,male
Sly-022,ad??,3,open,0.12165,407,2253,2840,male
Moses-012_mono,ab?,2,open,0.15873,528,1691,2556,male
Eric-020_mono,fa,a,open,0.12792,607,1340,2311,male
Moses-012_mono,obi,i,open,0.15992,243,2137,2708,male
Attah-021_mono,?p?,2,closed,0.07269,529,1733,2298,male
Attah-021_mono,ab?,2,open,0.10988,529,1766,2587,male
FELIX-02_mono,?di,i,open,0.14253,220,2163,2923,male
FELIX-02_mono,?p?,2,closed,0.09105,531,1724,2375,male
Attah-021_mono,?b?,2,closed,0.0742,534,1854,2572,male
Vincent-019_mono,s?,3,open,0.15392,423,1827,2696,male
Sly-022,?du,u,open,0.19882,254,867,2496,male
Cynthia-013_mono,?p?,4,open,0.09534,422,758,2217,female
Vincent-019_mono,ab?,a,closed,0.07764,991,1376,2511,male
Boampong-009_mono,?di,i,open,0.15497,256,2174,2858,male
Vincent-019_mono,ad??,3,open,0.15846,419,2151,3168,male
Yaw-007_mono,s?,3,open,0.11268,398,1851,2335,male
Precious-015_mono,?b?,2,open,0.09845,518,2281,2900,female
OKRAH-08,?b?,2,open,0.1371,534,1897,2549,male
Yaw-007_mono,?du,u,open,0.09896,249,935,1914,male
Jane-022_mono,?p?,4,open,0.1416,399,763,2896,female
Eric-020_mono,obi,o,closed,0.11265,313,672,2214,male
Eric-020_mono,ko,o,open,0.12625,440,1394,2074,male
Eric-020_mono,?p?,1,open,0.11599,442,717,2235,male
Eric-020_mono,k?,1,open,0.11821,635,944,1951,male
Sly-022,fa,a,open,0.17491,713,1388,2116,male
Attah-021_mono,fa,a,open,0.10206,800,1393,2541,male
Yaw-007_mono,ad??,3,open,0.0993,410,2130,2667,male
FELIX-02_mono,f?,3,open,0.14803,416,1885,2640,male
Boampong-009_mono,f?,3,open,0.10578,406,1869,2253,male
Attah-021_mono,?b?,2,open,0.14213,540,1790,2600,male
Naura-017_mono,ad??,a,closed,0.15508,632,1407,1933,female
Vincent-019_mono,obi,i,open,0.12619,255,2176,3333,male
Osei-016_mono,?b?,2,closed,0.06619,548,1864,2547,male
Attah-021_mono,?p?,2,closed,0.07027,553,1615,2538,male
Attah-021_mono,ebi,i,open,0.13017,257,2182,2988,male
FELIX-02_mono,?p?,2,closed,0.09144,554,1701,2372,male
Sly-022,?b?,2,closed,0.1145,561,2131,2324,male
Eric-020_mono,f?,3,open,0.12024,417,2112,2470,male
Jane-022_mono,hu,u,open,0.16988,288,963,2343,female
Osei-016_mono,t?,4,open,0.13915,485,783,2355,male
Yaw-007_mono,da,a,open,0.14993,667,1417,2369,male
Boampong-009_mono,obi,i,open,0.10293,256,2187,3011,male
Moses-012_mono,f?,3,open,0.16321,476,2119,2376,male
OKRAH-08,f?,3,open,0.14976,415,1913,2444,male
Eunice-008_mono,?p?,2,closed,0.08618,526,2049,2520,female
Eunice-008_mono,?b?,2,closed,0.09253,527,2225,2681,female
Naura-017_mono,?du,u,open,0.13559,215,996,2571,female
Moses-012_mono,?p?,1,open,0.15849,579,1360,2556,male
Moses-012_mono,k?,1,open,0.19847,617,1036,2027,male
Moses-012_mono,obi,o,closed,0.10575,357,1070,2307,male
Moses-012_mono,ko,o,open,0.22759,461,1411,2332,male
Vincent-019_mono,t?,4,open,0.09758,449,793,2030,male
OKRAH-08,fa,a,open,0.12834,706,1426,2293,male
Attah-021_mono,ad?,a,closed,0.09172,734,1439,2330,male
Osei-016_mono,f?,3,open,0.11703,383,1865,2442,male
Attah-021_mono,f?,3,open,0.13961,455,1803,2556,male
Vincent-019_mono,f?,3,open,0.11072,401,1995,2813,male
Sly-022,ab?,2,open,0.09883,563,2029,2629,male
Yaw-007_mono,fa,a,open,0.1173,714,1454,2394,male
Sly-022,ebi,i,open,0.11307,270,2194,2765,male
Yaw-007_mono,ab?,2,open,0.08621,568,1617,2642,male
Osei-016_mono,ab?,2,open,0.09218,575,1719,2872,male
Attah-021_mono,obi,i,open,0.12694,223,2205,3158,male
Sly-022,?p?,2,closed,0.105,590,1713,2139,male
Precious-015_mono,?b?,2,closed,0.09441,530,2001,2879,female
Yaw-007_mono,f?,3,open,0.11179,413,1924,2353,male
Osei-016_mono,hu,u,open,0.146,329,1014,2507,male
FELIX-02_mono,t?,4,open,0.17688,426,811,2154,male
Eric-020_mono,da,a,open,0.15525,625,1460,1827,male
Jane-022_mono,obi,i,open,0.19042,267,2212,3049,female
Sly-022,f?,3,open,0.18157,517,1815,2326,male
Cynthia-013_mono,f?,3,open,0.17974,510,1908,2430,female
Moses-012_mono,?p?,2,closed,0.10599,591,1683,2598,male
OKRAH-08,?p?,2,closed,0.08394,602,1708,2812,male
Moses-012_mono,?du,u,open,0.19389,332,1045,2301,male
OKRAH-08,t?,4,open,0.13578,380,823,2151,male
OKRAH-08,obi,o,closed,0.10988,389,989,2613,male
OKRAH-08,?p?,1,open,0.13533,491,872,1968,male
Boampong-009_mono,da,a,open,0.17254,718,1460,2414,male
OKRAH-08,ko,o,open,0.12882,424,1053,2229,male
OKRAH-08,k?,1,open,0.12476,534,963,2082,male
Osei-016_mono,ab?,a,closed,0.07691,780,1460,2272,male
Boampong-009_mono,ebi,i,open,0.125,259,2217,3162,male
Vincent-019_mono,?di,i,open,0.12205,247,2229,3275,male
Eunice-008_mono,f?,3,open,0.17939,409,2062,2836,female
Sly-022,?p?,2,closed,0.07685,606,1788,2201,male
OKRAH-08,?p?,2,closed,0.09567,611,1630,2727,male
Ama-023_mono,??b?,2,open,0.20662,535,2172,3084,female
OKRAH-08,?p?,1,open,0.13533,491,872,1968,male
OKRAH-08,?b?,2,closed,0.1287,613,2102,2722,male
Eunice-008_mono,?b?,2,open,0.13582,542,2103,2886,female
Mary-018_mono,?p?,4,open,0.1136,493,842,2644,female
Eunice-008_mono,hu,u,open,0.17967,346,1055,2564,female
Precious-015_mono,fa,a,open,0.12828,770,1462,2330,female
OKRAH-08,ad??,a,closed,0.07879,715,1481,2431,male
Jane-022_mono,f?,3,open,0.18647,522,2268,3158,female
Mary-018_mono,f?,3,open,0.10353,523,2378,3057,female
Naura-017_mono,f?,3,open,0.13971,464,2315,2821,female
Vincent-019_mono,ebi,i,open,0.12284,263,2235,3481,male
Precious-015_mono,f?,3,open,0.27374,487,1917,2547,female
Ama-023_mono,f?,3,open,0.2312,456,2246,2761,female
Sly-022,?b?,2,open,0.1414,614,1954,2472,male
Eunice-008_mono,?p?,2,closed,0.08239,546,1727,2688,female
Cynthia-013_mono,?du,u,open,0.10194,269,1064,2330,female
Eunice-008_mono,t?,4,open,0.13583,466,864,2276,female
Osei-016_mono,obi,o,closed,0.10805,353,759,2325,male
Osei-016_mono,ko,o,open,0.15123,492,1400,2238,male
Osei-016_mono,?p?,1,open,0.14064,667,987,2051,male
Osei-016_mono,k?,1,open,0.12056,662,1027,2453,male
Vincent-019_mono,fa,a,open,0.16739,843,1484,2421,male
FELIX-02_mono,da,a,open,0.19021,726,1509,2252,male
Elizabeth-010_mono,ebi,e,closed,0.12829,466,2517,3038,female
Eunice-008_mono,gyidie,e,open,0.16272,386,2376,2568,female
OKRAH-08,ebi,e,closed,0.11411,354,2351,2972,male
Cynthia-013_mono,ab?,2,open,0.1098,553,1973,2586,female
Precious-015_mono,ab?,a,closed,0.08697,979,1530,3175,female
Sly-022,?di,i,open,0.14951,273,2235,2802,male
Naura-017_mono,ab?,2,open,0.20963,566,1678,2347,female
Jane-022_mono,?b?,2,closed,0.10299,581,2134,3544,female
Cynthia-013_mono,ebi,i,open,0.10032,294,2237,2736,female
Cynthia-013_mono,?b?,2,open,0.10079,582,1951,2547,female
Mary-018_mono,?b?,2,closed,0.06831,583,1999,2793,female
Ama-023_mono,bue,e,open,0.18571,342,2331,2739,female
Precious-015_mono,?du,u,open,0.18686,252,1085,2254,female
Sly-022,t?,4,open,0.16238,455,868,2435,male
Sly-022,ab?,a,closed,0.09702,795,1545,2246,male
FELIX-02_mono,ebi,i,open,0.15544,238,2312,2979,male
Naura-017_mono,pue,e,open,0.20861,448,2298,2318,female
OKRAH-07_mono,bue,e,open,0.1485,384,2296,2694,male
Jane-022_mono,?p?,2,closed,0.11543,589,1910,2458,female
Jane-022_mono,?p?,2,closed,0.12042,592,1917,3452,female
Cynthia-013_mono,hu,u,open,0.27033,322,1092,2269,female
Attah-021_mono,?p?,1,open,0.11326,621,802,1777,male
Attah-021_mono,k?,1,open,0.10461,612,917,2006,male
Jane-022_mono,t?,4,open,0.19292,467,877,3069,female
Attah-021_mono,obi,o,closed,0.10734,337,693,2234,male
Attah-021_mono,ko,o,open,0.1322,624,1024,1938,male
Naura-017_mono,ab?,a,closed,0.10831,896,1545,2713,female
Osei-016_mono,fa,a,open,0.13132,764,1546,2305,male
Eunice-008_mono,pue,e,open,0.12485,401,2295,2613,female
Osei-016_mono,pue,e,open,0.10765,325,2288,2847,male
Eunice-008_mono,bue,e,open,0.1769,383,2281,2588,female
Cynthia-013_mono,?p?,2,closed,0.08843,598,1927,2502,female
Cynthia-013_mono,fa,a,open,0.14895,950,1547,2277,female
OKRAH-08,?di,i,open,0.12606,270,2335,3357,male
Cynthia-013_mono,?b?,2,closed,0.09412,604,1988,2646,female
Cynthia-013_mono,?p?,2,closed,0.09543,619,1784,2528,female
Naura-017_mono,?b?,2,open,0.1532,630,1631,2289,female
Moses-012_mono,ebi,i,open,0.15659,525,2338,3208,male
Mary-018_mono,?p?,2,closed,0.06536,630,1967,2770,female
Sly-022,ebi,e,closed,0.07848,383,2281,2843,male
Vincent-019_mono,?du,u,open,0.13924,294,1151,2353,male
Ama-023_mono,?p?,4,open,0.19395,458,985,2884,female
FELIX-02_mono,ad??,a,closed,0.11734,891,1557,2504,male
OKRAH-08,ebi,i,open,0.12735,277,2359,2943,male
Naura-017_mono,gyidie,e,open,0.18675,453,2274,2354,female
Vincent-019_mono,pue,e,open,0.14101,382,2271,3279,male
Naura-017_mono,?b?,2,closed,0.10743,634,1668,2127,female
Mary-018_mono,ab?,2,open,0.1944,655,2084,2932,female
Yaw-007_mono,hu,u,open,0.12621,317,1173,2246,male
Moses-012_mono,?p?,4,open,0.17126,481,989,2512,male
Vincent-019_mono,obi,o,closed,0.09039,288,807,2614,male
Vincent-019_mono,ko,o,open,0.11692,432,627,2583,male
Vincent-019_mono,?p?,1,open,0.09181,536,800,2397,male
Vincent-019_mono,k?,1,open,0.08553,555,817,2153,male
Eunice-008_mono,fa,a,open,0.11498,883,1558,2359,female
Vincent-019_mono,ad??,a,closed,0.12164,1103,1568,2672,male
Moses-012_mono,gyidie,e,open,0.16732,456,2264,2756,male
Ama-023_mono,ebi,e,closed,0.09498,347,2259,2372,female
Vincent-019_mono,bue,e,open,0.15755,304,2257,3019,male
Mary-018_mono,?b?,2,open,0.14149,658,2292,3026,female
Sly-022,da,a,open,0.18482,761,1589,2264,male
OKRAH-08,obi,i,open,0.1389,344,2362,3071,male
Elizabeth-010_mono,?b?,2,open,0.22258,664,2233,2559,female
Naura-017_mono,?p?,2,closed,0.11553,678,1936,2743,female
Sly-022,obi,i,open,0.18612,292,2366,2692,male
Mary-018_mono,?p?,2,closed,0.08673,678,2151,2861,female
Ama-023_mono,?p?,2,closed,0.08273,696,1909,2831,female
Naura-017_mono,bue,e,open,0.24899,360,2251,2539,female
FELIX-02_mono,?du,u,open,0.15656,253,1216,2278,male
Precious-015_mono,t?,4,open,0.12724,426,993,2756,female
Ama-023_mono,ad??,a,closed,0.10037,967,1599,2777,female
Precious-015_mono,?di,i,open,0.08916,417,2533,2803,female
Vincent-019_mono,gyidie,e,open,0.13578,394,2250,2999,male
Precious-015_mono,bue,e,open,0.18231,399,2244,2464,female
Naura-017_mono,?p?,2,closed,0.11955,702,2027,2537,female
Elizabeth-010_mono,?b?,2,closed,0.10213,731,2267,2515,female
Jane-022_mono,?du,u,open,0.14548,264,1239,2893,female
Naura-017_mono,?p?,4,open,0.18225,523,1011,3224,female
Yaw-007_mono,obi,o,closed,0.09731,445,1231,2198,male
Yaw-007_mono,?p?,1,open,0.09156,602,912,1741,male
Moses-012_mono,fa,a,open,0.15924,734,1600,1984,male
Cynthia-013_mono,ad??,a,closed,0.12451,888,1601,2266,female
Yaw-007_mono,k?,1,open,0.11505,559,916,1896,male
Yaw-007_mono,ko,o,open,0.13229,409,1321,2243,male
Yaw-007_mono,ebi,e,closed,0.09761,448,2240,2634,male
Boampong-009_mono,ebi,e,closed,0.09005,544,2236,3214,male
Vincent-019_mono,ebi,e,closed,0.0705,397,2219,2451,male
Mary-018_mono,?du,ae,closed,0.05156,646,1833,3285,female
Ama-023_mono,fa,a,open,0.22039,810,1611,2738,female
Eunice-008_mono,obi,i,open,0.15217,317,2554,3208,female
Ama-023_mono,?di,ae,closed,0.12597,588,2061,2930,female
Eunice-008_mono,ebi,i,open,0.14877,354,2562,3190,female
Ama-023_mono,?du,ae,closed,0.10882,614,2084,2774,female
Jane-022_mono,?di,ae,closed,0.13025,651,2053,2982,female
Jane-022_mono,gyidie,e,open,0.16218,335,2218,2773,female
Osei-016_mono,?du,u,open,0.11219,204,1249,2384,male
Attah-021_mono,t?,4,open,0.11672,475,1043,1730,male
Precious-015_mono,da,a,open,0.20899,720,1618,2284,female
Precious-015_mono,gyidie,e,open,0.16142,406,2217,2596,female
Ama-023_mono,?yidie,e,open,0.18828,415,2212,2751,female
Precious-015_mono,pue,e,open,0.30768,421,2212,2475,female
Mary-018_mono,?di,ae,closed,0.09177,527,2087,2774,female
Mary-018_mono,obi,i,open,0.14201,359,2573,3077,female
Jane-022_mono,fa,a,open,0.15814,949,1625,3296,female
OKRAH-07_mono,pue,e,open,0.1505,351,2193,2652,male
Cynthia-013_mono,gyidie,e,open,0.12843,447,2192,2512,female
Jane-022_mono,?di,i,open,0.23511,293,2578,2969,female
Precious-015_mono,?du,ae,closed,0.08165,551,2006,2866,female
Eunice-008_mono,?du,ae,closed,0.10816,557,2064,2748,female
Naura-017_mono,?du,ae,closed,0.11846,570,1982,2842,female
Boampong-009_mono,?du,u,open,0.09233,248,1251,2148,male
Boampong-009_mono,?du,ae,closed,0.13892,619,1891,2318,male
Ama-023_mono,t?,4,open,0.18802,437,1053,2491,female
Sly-022,obi,o,closed,0.11583,366,727,2565,male
Naura-017_mono,?di,i,open,0.13349,289,2590,3623,female
Moses-012_mono,?du,ae,closed,0.1012,616,1531,2241,male
Sly-022,?p?,1,open,0.1272,462,718,2040,male
Attah-021_mono,da,a,open,0.17681,670,1644,2871,male
Attah-021_mono,?di,ae,closed,0.10284,618,1759,2899,male
Eric-020_mono,ebi,e,closed,0.10645,349,2181,2475,male
Eric-020_mono,?du,u,open,0.11064,250,1294,2181,male
Cynthia-013_mono,t?,4,open,0.14159,566,1065,2527,female
Eunice-008_mono,da,a,open,0.15522,746,1652,2087,female
Sly-022,k?,1,open,0.15157,497,736,1977,male
Sly-022,ko,o,open,0.14664,490,849,2085,male
Mary-018_mono,fa,a,open,0.12545,1095,1657,2895,female
Mary-018_mono,ebi,e,closed,0.06862,411,2168,2501,female
FELIX-02_mono,ebi,e,closed,0.11355,338,2164,2744,male
Attah-021_mono,bue,e,open,0.15241,375,2160,2392,male
Boampong-009_mono,?di,ae,closed,0.14189,622,1777,2502,male
Cynthia-013_mono,ab?,a,closed,0.09786,906,1661,2418,female
Precious-015_mono,obi,i,open,0.17024,246,2613,3630,female
Cynthia-013_mono,?du,ae,closed,0.09608,583,1765,2517,female
Elizabeth-010_mono,?di,i,open,0.13937,259,2636,3358,female
Vincent-019_mono,?du,ae,closed,0.05489,598,1551,2918,male
Yaw-007_mono,?di,ae,closed,0.0955,597,1689,2565,male
Attah-021_mono,ebi,e,closed,0.09458,331,2155,2829,male
Attah-021_mono,?du,u,open,0.13786,280,1307,2184,male
Mary-018_mono,t?,4,open,0.23383,542,1070,3023,female
Sly-022,ad??,a,closed,0.15184,894,1663,2321,male
Cynthia-013_mono,ko,o,open,0.29231,491,1008,2326,female
Cynthia-013_mono,k?,1,open,0.13588,634,938,2224,female
Eunice-008_mono,ab?,a,closed,0.09173,868,1696,2507,female
Eric-020_mono,gyidie,e,open,0.12399,315,2141,2541,male
Mary-018_mono,gyidie,e,open,0.139403,387,2139,2424,female
Eric-020_mono,bue,e,open,0.1275,311,2137,2490,male
FELIX-02_mono,?du,ae,closed,0.10678,602,1948,2319,male
Cynthia-013_mono,da,a,open,0.13475,920,1706,2201,female
Naura-017_mono,obi,i,open,0.1531,317,2651,3824,female
OKRAH-08,?du,ae,closed,0.07824,503,1740,2605,male
Mary-018_mono,?di,i,open,0.13023,283,2694,2911,female
Attah-021_mono,?du,ae,closed,0.08965,518,1543,2215,male
Naura-017_mono,?di,ae,closed,0.13597,595,2090,2708,female
FELIX-02_mono,bue,e,open,0.18844,337,2132,2607,male
Ama-023_mono,?du,u,open,0.2248,381,1353,2410,female
Naura-017_mono,t?,4,open,0.13267,457,1112,2446,female
Vincent-019_mono,da,a,open,0.1349,758,1717,2661,male
Moses-012_mono,da,a,open,0.22247,756,1777,2785,male
Eunice-008_mono,k?,1,open,0.12963,553,979,2071,female
Eunice-008_mono,ko,o,open,0.14641,536,1023,2230,female
Naura-017_mono,ebi,e,closed,0.10454,383,2132,3034,female
OKRAH-07_mono,gyidie,e,open,0.152598,364,2113,2795,male
Attah-021_mono,gyidie,e,open,0.13788,338,2102,2927,male
Precious-015_mono,?di,ae,closed,0.07679,610,2093,2991,female
Osei-016_mono,ad??,a,closed,0.12066,786,1780,2624,male
Eunice-008_mono,?di,i,open,0.16451,396,2708,3177,female
Yaw-007_mono,?du,ae,closed,0.11214,523,1579,2579,male
Naura-017_mono,ebi,i,open,0.16302,292,2708,3616,female
Eric-020_mono,?du,ae,closed,0.09294,525,1521,2531,male
Eunice-008_mono,?di,ae,closed,0.12035,618,2069,2776,female
Mary-018_mono,pue,e,open,0.1962,422,2101,3303,female
Mary-018_mono,?du,u,open,0.12786,275,1353,2686,female
Yaw-007_mono,t?,4,open,0.10127,431,1171,2166,male
Mary-018_mono,da,a,open,0.20096,1057,1783,2635,female
Ama-023_mono,ab?,a,closed,0.08881,874,1793,2690,female
Jane-022_mono,k?,1,open,0.1618,783,1086,2376,female
Jane-022_mono,ko,o,open,0.19637,492,1018,2725,female
FELIX-02_mono,pue,e,open,0.16597,379,2096,2581,male
Boampong-009_mono,bue,e,open,0.10697,321,2093,2476,male
Cynthia-013_mono,bue,e,open,0.14739,401,2093,2642,female
FELIX-02_mono,?di,ae,closed,0.12464,526,1863,2553,male
Osei-016_mono,da,a,open,0.18754,667,1821,2743,male
Ama-023_mono,obi,i,open,0.2102,359,2711,3440,female
Vincent-019_mono,?di,ae,closed,0.08212,541,1685,2614,male
Eric-020_mono,?di,ae,closed,0.13129,558,1595,2664,male
Precious-015_mono,ebi,i,open,0.16196,267,2712,3587,female
Sly-022,?du,ae,closed,0.14265,572,1666,2277,male
Jane-022_mono,pue,e,open,0.20381,401,2092,2492,female
Eunice-008_mono,?du,u,open,0.16731,343,1376,2515,female
Eric-020_mono,t?,4,open,0.08992,407,1193,2101,male
Jane-022_mono,ab?,a,closed,0.09473,1069,1835,2575,female
Ama-023_mono,da,a,open,0.26511,747,1841,2774,female
Mary-018_mono,k?,1,open,0.19629,536,865,1173,female
Mary-018_mono,ko,o,open,0.24877,538,905,2671,female
Boampong-009_mono,pue,e,open,0.14523,305,2090,2681,male
Attah-021_mono,pue,e,open,0.14935,344,2085,2779,male
Precious-015_mono,ebi,e,closed,0.08997,436,2082,2427,female
Osei-016_mono,?du,ae,closed,0.09961,590,1733,2617,male
Naura-017_mono,da,a,open,0.1544,1069,1842,2776,female
Mary-018_mono,ebi,i,open,0.1089,288,2311,3165,female
Osei-016_mono,?di,ae,closed,0.09938,629,1684,2232,male
Ama-023_mono,?di,i,open,0.19579,253,2317,4110,female
Moses-012_mono,?di,ae,closed,0.12315,631,1708,2874,male
Cynthia-013_mono,?di,ae,closed,0.12223,645,1847,2527,female
Yaw-007_mono,bue,e,open,0.14461,379,2080,2796,male
Elizabeth-010_mono,?du,u,open,0.14002,301,2134,3180,female
Moses-012_mono,t?,4,open,0.15894,515,1210,2111,male
Elizabeth-010_mono,ab?,a,closed,0.09502,1165,1843,2734,female
Eunice-008_mono,ad??,a,closed,0.12333,890,1858,2632,female
Naura-017_mono,k?,1,open,0.1199,569,888,2549,female
Naura-017_mono,ko,o,open,0.11322,388,765,2727,female
Mary-018_mono,bue,e,open,0.15541,358,2071,2546,female
Cynthia-013_mono,ebi,e,closed,0.1197,420,2066,2801,female
Osei-016_mono,bue,e,open,0.11189,338,2056,2474,male
OKRAH-08,?di,ae,closed,0.15219,653,1675,2542,male
Jane-022_mono,ad??,a,closed,0.08139,850,1639,3584,female
Ama-023_mono,ebi,i,open,0.17604,256,2381,2862,female
Jane-022_mono,?du,ae,closed,0.11737,675,1721,3285,female
Jane-022_mono,ebi,i,open,0.17521,236,2145,2601,female
Sly-022,?di,ae,closed,0.11961,680,1825,2406,male
Elizabeth-010_mono,?du,ae,closed,0.10754,722,2112,2639,female
Ama-023_mono,pue,e,open,0.25213,350,2051,3064,female
OKRAH-08,?du,u,open,0.13025,286,2281,2507,male
Yaw-007_mono,?p?,4,open,0.10483,536,1034,2657,male
Mary-018_mono,ad??,a,closed,0.1086,819,1507,3117,female
Jane-022_mono,da,a,open,0.21995,752,1621,2900,female
Precious-015_mono,k?,1,open,0.18898,608,982,3237,female
Precious-015_mono,ko,o,open,0.16745,463,889,2990,female
Sly-022,pue,e,open,0.15114,473,2046,2554,male
Sly-022,gyidie,e,open,0.14925,453,2038,2632,male
Yaw-007_mono,gyidie,e,open,0.14845,349,2029,2847,male
Cynthia-013_mono,pue,e,open,0.1536,461,2026,2602,female
Moses-012_mono,bue,e,open,0.15429,404,1982,2266,male
Jane-022_mono,bue,e,open,0.22152,325,1972,3103,female
Boampong-009_mono,gyidie,e,open,0.16527,326,1971,2697,male
FELIX-02_mono,gyidie,e,open,0.17652,385,1970,2504,male
Moses-012_mono,pue,e,open,0.1497,393,1959,2669,male
Yaw-007_mono,pue,e,open,0.10492,468,1927,2929,male
Sly-022,bue,e,open,0.18416,485,1926,2738,male
Eric-020_mono,pue,e,open,0.10864,300,1917,2502,male
Moses-012_mono,ebi,e,closed,0.09142,372,1862,2591,male
Osei-016_mono,ebi,e,closed,0.09805,376,1861,2534,male
Osei-016_mono,gyidie,e,open,0.21305,394,1841,2698,male
Eunice-008_mono,ebi,e,closed,0.12456,391,1837,2397,female
Jane-022_mono,ebi,e,closed,0.1016,362,1702,2681,female
